Workbook

Sheet Diagramme_Importierbarkeit
A1: Soll-Werte | N1: Importierbarkeit
A3: Modell | B3: S1 components | C3: S1 relationships | D3: S2 components | E3: S2 relationships | F3: S3 components | G3: S3 relationships | H3: S4 components | I3: S4 relationships | J3: Components | K3: Relations | N3: Controlled Qwen 4b | Z3: Organized Qwen 4b | AL3: Gemma e4b
A4: ARM | B4: 2 | C4: 1 | D4: 3 | E4: 2 | F4: 8 | G4: 7 | H4: 12 | I4: 11 | J4: =B4+D4+F4+H4 -> 25 | K4: =C4+E4+G4+I4 -> 21 | O4: Modell | P4: S1 | Q4: S2 | R4: S3.1 | S4: S3.2 | T4: S4.1 | U4: S4.2 | V4: S4.3 | W4: Controlled | AA4: Modell | AB4: S1 | AC4: S2 | AD4: S3.1 | AE4: S3.2 | AF4: S4.1 | AG4: S4.2 | AH4: S4.3 | AI4: Organized | AM4: Modell | AN4: S1 | AO4: S2 | AP4: S3.1 | AQ4: S3.2 | AR4: S4.1 | AS4: S4.2 | AT4: S4.3 | AU4: Gesamt
A5: BPM | B5: 6 | C5: 4 | D5: 8 | E5: 6 | F5: 15 | G5: 12 | H5: 29 | I5: 24 | J5: =B5+D5+F5+H5 -> 58 | K5: =C5+E5+G5+I5 -> 46 | O5: ARM | P5: =Importability_Qwen!B4/3 -> 1 | Q5: =Importability_Qwen!C4/3 -> 1 | R5: =Importability_Qwen!D4/3 -> 1 | T5: =Importability_Qwen!F4/3 -> 0.33333333 | W5: =Importability_Qwen!J4 -> 0.83333333 | AA5: ARM | AB5: =Importability_Qwen!B30/3 -> 1 | AC5: =Importability_Qwen!C30/3 -> 1 | AD5: =Importability_Qwen!D30/3 -> 0.33333333 | AF5: =Importability_Qwen!F30/3 -> 0 | AI5: =Importability_Qwen!J30 -> 0.58333333 | AM5: ARM | AN5: =(Importability_Qwen!B4+Importability_Qwen!B30)/6 -> 1 | AO5: =(Importability_Qwen!C4+Importability_Qwen!C30)/6 -> 1 | AP5: =(Importability_Qwen!D4+Importability_Qwen!D30)/6 -> 0.66666667 | AR5: =(Importability_Qwen!F4+Importability_Qwen!F30)/6 -> 0.16666667 | AU5: =(SUM(Importability_Qwen!B4:H4)+SUM(Importability_Qwen!B30:H30))/24 -> 0.70833333
A6: CM | B6: 6 | C6: 0 | D6: 9 | E6: 3 | F6: 17 | G6: 7 | H6: 29 | I6: 16 | J6: =B6+D6+F6+H6 -> 61 | K6: =C6+E6+G6+I6 -> 26 | O6: BPM | P6: =Importability_Qwen!B5/3 -> 1 | Q6: =Importability_Qwen!C5/3 -> 1 | R6: =Importability_Qwen!D5/3 -> 1 | S6: =Importability_Qwen!E5/3 -> 1 | T6: =Importability_Qwen!F5/3 -> 1 | U6: =Importability_Qwen!G5/3 -> 1 | V6: =Importability_Qwen!H5/3 -> 1 | W6: =Importability_Qwen!J5 -> 1 | AA6: BPM | AB6: =Importability_Qwen!B31/3 -> 0.33333333 | AC6: =Importability_Qwen!C31/3 -> 0.33333333 | AD6: =Importability_Qwen!D31/3 -> 0.66666667 | AE6: =Importability_Qwen!E31/3 -> 1 | AF6: =Importability_Qwen!F31/3 -> 0.66666667 | AG6: =Importability_Qwen!G31/3 -> 1 | AH6: =Importability_Qwen!H31/3 -> 1 | AI6: =Importability_Qwen!J31 -> 0.71428571 | AM6: BPM | AN6: =(Importability_Qwen!B5+Importability_Qwen!B31)/6 -> 0.66666667 | AO6: =(Importability_Qwen!C5+Importability_Qwen!C31)/6 -> 0.66666667 | AP6: =(Importability_Qwen!D5+Importability_Qwen!D31)/6 -> 0.83333333 | AQ6: =(Importability_Qwen!E5+Importability_Qwen!E31)/6 -> 1 | AR6: =(Importability_Qwen!F5+Importability_Qwen!F31)/6 -> 0.83333333 | AS6: =(Importability_Qwen!G5+Importability_Qwen!G31)/6 -> 1 | AT6: =(Importability_Qwen!H5+Importability_Qwen!H31)/6 -> 1 | AU6: =(SUM(Importability_Qwen!B5:H5)+SUM(Importability_Qwen!B31:H31))/42 -> 0.85714286 | AV6: 42
A7: GM | B7: 2 | C7: 1 | D7: 4 | E7: 3 | F7: 9 | G7: 8 | H7: 13 | I7: 12 | J7: =B7+D7+F7+H7 -> 28 | K7: =C7+E7+G7+I7 -> 24 | O7: CM | P7: =Importability_Qwen!B6/3 -> 1 | Q7: =Importability_Qwen!C6/3 -> 1 | R7: =Importability_Qwen!D6/3 -> 1 | T7: =Importability_Qwen!F6/3 -> 0.66666667 | W7: =Importability_Qwen!J6 -> 0.91666667 | AA7: CM | AB7: =Importability_Qwen!B32/3 -> 1 | AC7: =Importability_Qwen!C32/3 -> 1 | AD7: =Importability_Qwen!D32/3 -> 1 | AF7: =Importability_Qwen!F32/3 -> 1 | AI7: =Importability_Qwen!J32 -> 1 | AM7: CM | AN7: =(Importability_Qwen!B6+Importability_Qwen!B32)/6 -> 1 | AO7: =(Importability_Qwen!C6+Importability_Qwen!C32)/6 -> 1 | AP7: =(Importability_Qwen!D6+Importability_Qwen!D32)/6 -> 1 | AR7: =(Importability_Qwen!F6+Importability_Qwen!F32)/6 -> 0.83333333 | AU7: =(SUM(Importability_Qwen!B6:H6)+SUM(Importability_Qwen!B32:H32))/24 -> 0.95833333
A8: PM | B8: 4 | C8: 3 | D8: 7 | E8: 6 | F8: 11 | G8: 9 | H8: 14 | I8: 12 | J8: =B8+D8+F8+H8 -> 36 | K8: =C8+E8+G8+I8 -> 30 | O8: GM | P8: =Importability_Qwen!B7/3 -> 0.66666667 | Q8: =Importability_Qwen!C7/3 -> 0.66666667 | R8: =Importability_Qwen!D7/3 -> 0.66666667 | T8: =Importability_Qwen!F7/3 -> 1 | W8: =Importability_Qwen!J7 -> 0.75 | AA8: GM | AB8: =Importability_Qwen!B33/3 -> 1 | AC8: =Importability_Qwen!C33/3 -> 0.33333333 | AD8: =Importability_Qwen!D33/3 -> 1 | AF8: =Importability_Qwen!F33/3 -> 0 | AI8: =Importability_Qwen!J33 -> 0.58333333 | AM8: GM | AN8: =(Importability_Qwen!B7+Importability_Qwen!B33)/6 -> 0.83333333 | AO8: =(Importability_Qwen!C7+Importability_Qwen!C33)/6 -> 0.5 | AP8: =(Importability_Qwen!D7+Importability_Qwen!D33)/6 -> 0.83333333 | AR8: =(Importability_Qwen!F7+Importability_Qwen!F33)/6 -> 0.5 | AU8: =(SUM(Importability_Qwen!B7:H7)+SUM(Importability_Qwen!B33:H33))/24 -> 0.66666667
A9: TRM | B9: 2 | C9: 1 | D9: 5 | E9: 4 | F9: 9 | G9: 8 | H9: 12 | I9: 10 | J9: =B9+D9+F9+H9 -> 28 | K9: =C9+E9+G9+I9 -> 23 | O9: PM | P9: =Importability_Qwen!B8/3 -> 1 | Q9: =Importability_Qwen!C8/3 -> 1 | R9: =Importability_Qwen!D8/3 -> 1 | T9: =Importability_Qwen!F8/3 -> 1 | W9: =Importability_Qwen!J8 -> 1 | AA9: PM | AB9: =Importability_Qwen!B34/3 -> 1 | AC9: =Importability_Qwen!C34/3 -> 1 | AD9: =Importability_Qwen!D34/3 -> 1 | AF9: =Importability_Qwen!F34/3 -> 1 | AI9: =Importability_Qwen!J34 -> 1 | AM9: PM | AN9: =(Importability_Qwen!B8+Importability_Qwen!B34)/6 -> 1 | AO9: =(Importability_Qwen!C8+Importability_Qwen!C34)/6 -> 1 | AP9: =(Importability_Qwen!D8+Importability_Qwen!D34)/6 -> 1 | AR9: =(Importability_Qwen!F8+Importability_Qwen!F34)/6 -> 1 | AU9: =(SUM(Importability_Qwen!B8:H8)+SUM(Importability_Qwen!B34:H34))/24 -> 1
A10: Summe | B10: =SUM(B4:B9) -> 22 | C10: =SUM(C4:C9) -> 10 | D10: =SUM(D4:D9) -> 36 | E10: =SUM(E4:E9) -> 24 | F10: =SUM(F4:F9) -> 69 | G10: =SUM(G4:G9) -> 51 | H10: =SUM(H4:H9) -> 109 | I10: =SUM(I4:I9) -> 85 | ... K10: =SUM(K4:K9) -> 170 | O10: TRM | P10: =Importability_Qwen!B9/3 -> 1 | Q10: =Importability_Qwen!C9/3 -> 1 | R10: =Importability_Qwen!D9/3 -> 1 | T10: =Importability_Qwen!F9/3 -> 0.66666667 | W10: =Importability_Qwen!J9 -> 0.91666667 | AA10: TRM | AB10: =Importability_Qwen!B35/3 -> 1 | AC10: =Importability_Qwen!C35/3 -> 1 | AD10: =Importability_Qwen!D35/3 -> 1 | AF10: =Importability_Qwen!F35/3 -> 1 | AI10: =Importability_Qwen!J35 -> 1 | AM10: TRM | AN10: =(Importability_Qwen!B9+Importability_Qwen!B35)/6 -> 1 | AO10: =(Importability_Qwen!C9+Importability_Qwen!C35)/6 -> 1 | AP10: =(Importability_Qwen!D9+Importability_Qwen!D35)/6 -> 1 | AR10: =(Importability_Qwen!F9+Importability_Qwen!F35)/6 -> 0.83333333 | AU10: =(SUM(Importability_Qwen!B9:H9)+SUM(Importability_Qwen!B35:H35))/24 -> 0.95833333
A11: Intermodel | C11: 9 | E11: 12 | G11: 17 | I11: 20 | O11: Gesamt | P11: =Importability_Qwen!B11 -> 0.94444444 | Q11: =Importability_Qwen!C11 -> 0.94444444 | R11: =Importability_Qwen!D11 -> 0.94444444 | S11: =Importability_Qwen!E11 -> 1 | T11: =Importability_Qwen!F11 -> 0.77777778 | U11: =Importability_Qwen!G11 -> 1 | V11: =Importability_Qwen!H11 -> 1 | W11: =SUM(Importability_Qwen!B4:H9)/81 -> 0.91358025 | AA11: Gesamt | AB11: =Importability_Qwen!B37 -> 0.88888889 | AC11: =Importability_Qwen!C37 -> 0.77777778 | AD11: =Importability_Qwen!D37 -> 0.83333333 | AE11: =Importability_Qwen!E37 -> 1 | AF11: =Importability_Qwen!F37 -> 0.61111111 | AG11: =Importability_Qwen!G37 -> 1 | AH11: =Importability_Qwen!H37 -> 1 | AI11: =SUM(Importability_Qwen!B30:H35)/81 -> 0.80246914 | AM11: Gesamt | AN11: =(Importability_Qwen!B11+Importability_Qwen!B37)/2 -> 0.91666667 | AO11: =(Importability_Qwen!C11+Importability_Qwen!C37)/2 -> 0.86111111 | AP11: =(Importability_Qwen!D11+Importability_Qwen!D37)/2 -> 0.88888889 | AQ11: =(Importability_Qwen!E11+Importability_Qwen!E37)/2 -> 1 | AR11: =(Importability_Qwen!F11+Importability_Qwen!F37)/2 -> 0.69444444 | AS11: =(Importability_Qwen!G11+Importability_Qwen!G37)/2 -> 1 | AT11: =(Importability_Qwen!H11+Importability_Qwen!H37)/2 -> 1 | AU11: =(SUM(Importability_Qwen!B4:H9)+SUM(Importability_Qwen!B30:H35))/162 -> 0.85802469 | AV11: 162
N13: Controlled Qwen 9b | Z13: Organized Qwen 9b | AL13: Gemma 26b
O14: Modell | P14: S1 | Q14: S2 | R14: S3.1 | S14: S3.2 | T14: S4.1 | U14: S4.2 | V14: S4.3 | W14: Controlled | AB14: S1 | AC14: S2 | AD14: S3.1 | AE14: S3.2 | AF14: S4.1 | AG14: S4.2 | AH14: S4.3 | AI14: Organized | AN14: S1 | AO14: S2 | AP14: S3.1 | AQ14: S3.2 | AR14: S4.1 | AS14: S4.2 | AT14: S4.3 | AU14: Gesamt
O15: ARM | P15: =Importability_Qwen!B17/3 -> 1 | Q15: =Importability_Qwen!C17/3 -> 1 | R15: =Importability_Qwen!D17/3 -> 1 | T15: =Importability_Qwen!F17/3 -> 1 | W15: =Importability_Qwen!J17 -> 1 | AA15: ARM | AB15: =Importability_Qwen!B43/3 -> 1 | AC15: =Importability_Qwen!C43/3 -> 1 | AD15: =Importability_Qwen!D43/3 -> 1 | AF15: =Importability_Qwen!F43/3 -> 0.33333333 | AI15: =Importability_Qwen!J43 -> 0.83333333 | AM15: ARM | AN15: =(Importability_Qwen!B17+Importability_Qwen!B43)/6 -> 1 | AO15: =(Importability_Qwen!C17+Importability_Qwen!C43)/6 -> 1 | AP15: =(Importability_Qwen!D17+Importability_Qwen!D43)/6 -> 1 | AR15: =(Importability_Qwen!F17+Importability_Qwen!F43)/6 -> 0.66666667 | AU15: =(SUM(Importability_Qwen!B17:H17)+SUM(Importability_Qwen!B43:H43))/24 -> 0.91666667
O16: BPM | P16: =Importability_Qwen!B18/3 -> 1 | Q16: =Importability_Qwen!C18/3 -> 1 | R16: =Importability_Qwen!D18/3 -> 1 | S16: =Importability_Qwen!E18/3 -> 1 | T16: =Importability_Qwen!F18/3 -> 1 | U16: =Importability_Qwen!G18/3 -> 1 | V16: =Importability_Qwen!H18/3 -> 1 | W16: =Importability_Qwen!J18 -> 1 | AA16: BPM | AB16: =Importability_Qwen!B44/3 -> 1 | AC16: =Importability_Qwen!C44/3 -> 1 | AD16: =Importability_Qwen!D44/3 -> 1 | AE16: =Importability_Qwen!E44/3 -> 1 | AF16: =Importability_Qwen!F44/3 -> 1 | AG16: =Importability_Qwen!G44/3 -> 1 | AH16: =Importability_Qwen!H44/3 -> 1 | AI16: =Importability_Qwen!J44 -> 1 | AM16: BPM | AN16: =(Importability_Qwen!B18+Importability_Qwen!B44)/6 -> 1 | AO16: =(Importability_Qwen!C18+Importability_Qwen!C44)/6 -> 1 | AP16: =(Importability_Qwen!D18+Importability_Qwen!D44)/6 -> 1 | AQ16: =(Importability_Qwen!E18+Importability_Qwen!E44)/6 -> 1 | AR16: =(Importability_Qwen!F18+Importability_Qwen!F44)/6 -> 1 | AS16: =(Importability_Qwen!G18+Importability_Qwen!G44)/6 -> 1 | AT16: =(Importability_Qwen!H18+Importability_Qwen!H44)/6 -> 1 | AU16: =(SUM(Importability_Qwen!B18:H18)+SUM(Importability_Qwen!B44:H44))/42 -> 1
O17: CM | P17: =Importability_Qwen!B19/3 -> 1 | Q17: =Importability_Qwen!C19/3 -> 1 | R17: =Importability_Qwen!D19/3 -> 0.66666667 | T17: =Importability_Qwen!F19/3 -> 1 | W17: =Importability_Qwen!J19 -> 0.91666667 | AA17: CM | AB17: =Importability_Qwen!B45/3 -> 1 | AC17: =Importability_Qwen!C45/3 -> 1 | AD17: =Importability_Qwen!D45/3 -> 1 | AF17: =Importability_Qwen!F45/3 -> 1 | AI17: =Importability_Qwen!J45 -> 1 | AM17: CM | AN17: =(Importability_Qwen!B19+Importability_Qwen!B45)/6 -> 1 | AO17: =(Importability_Qwen!C19+Importability_Qwen!C45)/6 -> 1 | AP17: =(Importability_Qwen!D19+Importability_Qwen!D45)/6 -> 0.83333333 | AR17: =(Importability_Qwen!F19+Importability_Qwen!F45)/6 -> 1 | AU17: =(SUM(Importability_Qwen!B19:H19)+SUM(Importability_Qwen!B45:H45))/24 -> 0.95833333
O18: GM | P18: =Importability_Qwen!B20/3 -> 1 | Q18: =Importability_Qwen!C20/3 -> 1 | R18: =Importability_Qwen!D20/3 -> 1 | T18: =Importability_Qwen!F20/3 -> 1 | W18: =Importability_Qwen!J20 -> 1 | AA18: GM | AB18: =Importability_Qwen!B46/3 -> 1 | AC18: =Importability_Qwen!C46/3 -> 1 | AD18: =Importability_Qwen!D46/3 -> 0.66666667 | AF18: =Importability_Qwen!F46/3 -> 0.66666667 | AI18: =Importability_Qwen!J46 -> 0.83333333 | AM18: GM | AN18: =(Importability_Qwen!B20+Importability_Qwen!B46)/6 -> 1 | AO18: =(Importability_Qwen!C20+Importability_Qwen!C46)/6 -> 1 | AP18: =(Importability_Qwen!D20+Importability_Qwen!D46)/6 -> 0.83333333 | AR18: =(Importability_Qwen!F20+Importability_Qwen!F46)/6 -> 0.83333333 | AU18: =(SUM(Importability_Qwen!B20:H20)+SUM(Importability_Qwen!B46:H46))/24 -> 0.91666667
O19: PM | P19: =Importability_Qwen!B21/3 -> 1 | Q19: =Importability_Qwen!C21/3 -> 1 | R19: =Importability_Qwen!D21/3 -> 1 | T19: =Importability_Qwen!F21/3 -> 1 | W19: =Importability_Qwen!J21 -> 1 | AA19: PM | AB19: =Importability_Qwen!B47/3 -> 1 | AC19: =Importability_Qwen!C47/3 -> 1 | AD19: =Importability_Qwen!D47/3 -> 1 | AF19: =Importability_Qwen!F47/3 -> 1 | AI19: =Importability_Qwen!J47 -> 1 | AM19: PM | AN19: =(Importability_Qwen!B21+Importability_Qwen!B47)/6 -> 1 | AO19: =(Importability_Qwen!C21+Importability_Qwen!C47)/6 -> 1 | AP19: =(Importability_Qwen!D21+Importability_Qwen!D47)/6 -> 1 | AR19: =(Importability_Qwen!F21+Importability_Qwen!F47)/6 -> 1 | AU19: =(SUM(Importability_Qwen!B21:H21)+SUM(Importability_Qwen!B47:H47))/24 -> 1
O20: TRM | P20: =Importability_Qwen!B22/3 -> 1 | Q20: =Importability_Qwen!C22/3 -> 1 | R20: =Importability_Qwen!D22/3 -> 1 | T20: =Importability_Qwen!F22/3 -> 1 | W20: =Importability_Qwen!J22 -> 1 | AA20: TRM | AB20: =Importability_Qwen!B48/3 -> 1 | AC20: =Importability_Qwen!C48/3 -> 1 | AD20: =Importability_Qwen!D48/3 -> 1 | AF20: =Importability_Qwen!F48/3 -> 1 | AI20: =Importability_Qwen!J48 -> 1 | AM20: TRM | AN20: =(Importability_Qwen!B22+Importability_Qwen!B48)/6 -> 1 | AO20: =(Importability_Qwen!C22+Importability_Qwen!C48)/6 -> 1 | AP20: =(Importability_Qwen!D22+Importability_Qwen!D48)/6 -> 1 | AR20: =(Importability_Qwen!F22+Importability_Qwen!F48)/6 -> 1 | AU20: =(SUM(Importability_Qwen!B22:H22)+SUM(Importability_Qwen!B48:H48))/24 -> 1
O21: Gesamt | P21: =Importability_Qwen!B24 -> 1 | Q21: =Importability_Qwen!C24 -> 1 | R21: =Importability_Qwen!D24 -> 0.94444444 | S21: =Importability_Qwen!E24 -> 1 | T21: =Importability_Qwen!F24 -> 1 | U21: =Importability_Qwen!G24 -> 1 | V21: =Importability_Qwen!H24 -> 1 | W21: =SUM(Importability_Qwen!B17:H22)/81 -> 0.98765432 | AA21: Gesamt | AB21: =Importability_Qwen!B50 -> 1 | AC21: =Importability_Qwen!C50 -> 1 | AD21: =Importability_Qwen!D50 -> 0.94444444 | AE21: =Importability_Qwen!E50 -> 1 | AF21: =Importability_Qwen!F50 -> 0.83333333 | AG21: =Importability_Qwen!G50 -> 1 | AH21: =Importability_Qwen!H50 -> 1 | AI21: =SUM(Importability_Qwen!B43:H48)/81 -> 0.95061728 | AM21: Gesamt | AN21: =(SUM(Importability_Qwen!B17:B22)+SUM(Importability_Qwen!B43:B48))/36 -> 1 | AO21: =(SUM(Importability_Qwen!C17:C22)+SUM(Importability_Qwen!C43:C48))/36 -> 1 | AP21: =(SUM(Importability_Qwen!D17:D22)+SUM(Importability_Qwen!D43:D48))/36 -> 0.94444444 | AQ21: =(SUM(Importability_Qwen!E17:E22)+SUM(Importability_Qwen!E43:E48))/6 -> 1 | AR21: =(SUM(Importability_Qwen!F17:F22)+SUM(Importability_Qwen!F43:F48))/36 -> 0.91666667 | AS21: =(SUM(Importability_Qwen!G17:G22)+SUM(Importability_Qwen!G43:G48))/6 -> 1 | AT21: =(SUM(Importability_Qwen!H17:H22)+SUM(Importability_Qwen!H43:H48))/6 -> 1 | AU21: =(SUM(Importability_Qwen!B17:H22)+SUM(Importability_Qwen!B43:H48))/162 -> 0.9691358
N23: Gesamt 4b | O23: =(SUM([1]Importability_Gemma!B4:H9)+SUM([1]Importability_Gemma!B30:H35))/162 -> 0.88888889
N24: Gesamt 9b | O24: =(SUM([1]Importability_Gemma!B17:H22)+SUM([1]Importability_Gemma!B43:H48))/108 -> 0.49074074
N25: Gesamt Controlled | O25: =(SUM([1]Importability_Gemma!B4:H9)+SUM([1]Importability_Gemma!B17:H22))/135 -> 0.83703704
N26: Gesamt Organized | O26: =(SUM([1]Importability_Gemma!B30:H35)+SUM([1]Importability_Gemma!B43:H48))/135 -> 0.62222222
N27: Gesamt | O27: =(SUM([1]Importability_Gemma!B4:H9)+SUM([1]Importability_Gemma!B17:H22)+SUM([1]Importability_Gemma!B30:H35)+SUM([1]Importability_Gemma!B43:H48))/270 -> 0.72962963
N30: Gesamt LLM | O30: =(SUM([1]Importability_OpenAI!B4:H9)+SUM([1]Importability_OpenAI!B17:H22)+SUM([1]Importability_OpenAI!B30:H35)+SUM([1]Importability_OpenAI!B43:H48)+SUM([1]Importability_Gemini!B4:H9)+SUM([1]Importability_Gemini!B17:H22)+SUM([1]Importability_Gemini!B30:H35)+SUM([1]Importability_Gemini!B43:H48))/648 -> 0.9058642

Sheet Diagramme_Completness
A1: Soll-Werte | N1: Completness of models (organized and controlled) | AV1: LLM
A3: Modell | B3: S1 components | C3: S1 relationships | D3: S2 components | E3: S2 relationships | F3: S3 components | G3: S3 relationships | H3: S4 components | I3: S4 relationships | J3: Components | K3: Relations | N3: Controlled Qwen 4b | P3: Component | Q3: Relation | R3: … | Z3: Organized Qwen 4b | AB3: Component | AC3: Relation | AD3: … | AL3: Controlled Qwen 4b | AQ3: Organized Qwen 4b
A4: ARM | B4: 2 | C4: 1 | D4: 3 | E4: 2 | F4: 8 | G4: 7 | H4: 12 | I4: 11 | J4: =B4+D4+F4+H4 -> 25 | K4: =C4+E4+G4+I4 -> 21 | O4: Modell | P4: S1 | Q4: S1 | R4: S2 | S4: S2 | T4: S3 | U4: S3 | V4: S4 | W4: S4 | AA4: Modell | AB4: S1 | AC4: S1 | AD4: S2 | AE4: S2 | AF4: S3 | AG4: S3 | AH4: S4 | AI4: S4 | AL4: Modell | AM4: Component | AN4: Relation | AQ4: Modell | AR4: Component | AS4: Relation
A5: BPM | B5: 6 | C5: 4 | D5: 8 | E5: 6 | F5: 15 | G5: 12 | H5: 29 | I5: 24 | J5: =B5+D5+F5+H5 -> 58 | K5: =C5+E5+G5+I5 -> 46 | O5: ARM | P5: =Completeness_Qwen!B4/Diagramme_Completness!B4 -> 1 | Q5: =Completeness_Qwen!C4/Diagramme_Completness!C4 -> 1 | R5: =Completeness_Qwen!D4/Diagramme_Completness!D4 -> 1 | S5: =Completeness_Qwen!E4/Diagramme_Completness!E4 -> 1 | T5: =Completeness_Qwen!F4/Diagramme_Completness!F4 -> 1 | U5: =Completeness_Qwen!G4/Diagramme_Completness!G4 -> 1 | V5: =Completeness_Qwen!H4/Diagramme_Completness!H4 -> 1 | W5: =Completeness_Qwen!I4/Diagramme_Completness!I4 -> 1 | AA5: ARM | AB5: =Completeness_Qwen!B30/Diagramme_Completness!B4 -> 1 | AC5: =Completeness_Qwen!C30/Diagramme_Completness!C4 -> 1 | AD5: =Completeness_Qwen!D30/Diagramme_Completness!D4 -> 1 | AE5: =Completeness_Qwen!E30/Diagramme_Completness!E4 -> 0 | AF5: =Completeness_Qwen!F30/Diagramme_Completness!F4 -> 0.875 | AG5: =Completeness_Qwen!G30/Diagramme_Completness!G4 -> 0.57142857 | AH5: =Completeness_Qwen!H30/Diagramme_Completness!H4 -> 0 | AI5: =Completeness_Qwen!I30/Diagramme_Completness!I4 -> 0 | AL5: ARM | AM5: =Completeness_Qwen!K4/Diagramme_Completness!J4 -> 1 | AN5: =Completeness_Qwen!L4/Diagramme_Completness!K4 -> 1 | AQ5: ARM | AR5: =Completeness_Qwen!K30/Diagramme_Completness!J4 -> 0.48 | AS5: =Completeness_Qwen!L30/Diagramme_Completness!K4 -> 0.23809524
A6: CM | B6: 6 | C6: 0 | D6: 9 | E6: 3 | F6: 17 | G6: 7 | H6: 29 | I6: 16 | J6: =B6+D6+F6+H6 -> 61 | K6: =C6+E6+G6+I6 -> 26 | O6: BPM | P6: =Completeness_Qwen!B5/Diagramme_Completness!B5 -> 0.83333333 | Q6: =Completeness_Qwen!C5/Diagramme_Completness!C5 -> 1 | R6: =Completeness_Qwen!D5/Diagramme_Completness!D5 -> 0.875 | S6: =Completeness_Qwen!E5/Diagramme_Completness!E5 -> 1 | T6: =Completeness_Qwen!F5/Diagramme_Completness!F5 -> 0.93333333 | U6: =Completeness_Qwen!G5/Diagramme_Completness!G5 -> 0.83333333 | V6: =Completeness_Qwen!H5/Diagramme_Completness!H5 -> 0.96551724 | W6: =Completeness_Qwen!I5/Diagramme_Completness!I5 -> 0.91666667 | AA6: BPM | AB6: =Completeness_Qwen!B31/Diagramme_Completness!B5 -> 0.83333333 | AC6: =Completeness_Qwen!C31/Diagramme_Completness!C5 -> 1 | AD6: =Completeness_Qwen!D31/Diagramme_Completness!D5 -> 0.875 | AE6: =Completeness_Qwen!E31/Diagramme_Completness!E5 -> 1 | AF6: =Completeness_Qwen!F31/Diagramme_Completness!F5 -> 0.93333333 | AG6: =Completeness_Qwen!G31/Diagramme_Completness!G5 -> 0.83333333 | AH6: =Completeness_Qwen!H31/Diagramme_Completness!H5 -> 0.96551724 | AI6: =Completeness_Qwen!I31/Diagramme_Completness!I5 -> 0.875 | AL6: BPM | AM6: =Completeness_Qwen!K5/Diagramme_Completness!J5 -> 0.93103448 | AN6: =Completeness_Qwen!L5/Diagramme_Completness!K5 -> 0.91304348 | AQ6: BPM | AR6: =Completeness_Qwen!K31/Diagramme_Completness!J5 -> 0.93103448 | AS6: =Completeness_Qwen!L31/Diagramme_Completness!K5 -> 0.89130435
A7: GM | B7: 2 | C7: 1 | D7: 4 | E7: 3 | F7: 9 | G7: 8 | H7: 13 | I7: 12 | J7: =B7+D7+F7+H7 -> 28 | K7: =C7+E7+G7+I7 -> 24 | O7: CM | P7: =Completeness_Qwen!B6/Diagramme_Completness!B6 -> 1 | Q7: 1 | R7: =Completeness_Qwen!D6/Diagramme_Completness!D6 -> 1 | S7: =Completeness_Qwen!E6/Diagramme_Completness!E6 -> 1 | T7: =Completeness_Qwen!F6/Diagramme_Completness!F6 -> 0.94117647 | U7: =Completeness_Qwen!G6/Diagramme_Completness!G6 -> 0.85714286 | V7: =Completeness_Qwen!H6/Diagramme_Completness!H6 -> 1 | W7: =Completeness_Qwen!I6/Diagramme_Completness!I6 -> 0.875 | AA7: CM | AB7: =Completeness_Qwen!B32/Diagramme_Completness!B6 -> 1 | AC7: 1 | AD7: =Completeness_Qwen!D32/Diagramme_Completness!D6 -> 0.88888889 | AE7: =Completeness_Qwen!E32/Diagramme_Completness!E6 -> 0.66666667 | AF7: =Completeness_Qwen!F32/Diagramme_Completness!F6 -> 0.82352941 | AG7: =Completeness_Qwen!G32/Diagramme_Completness!G6 -> 0.57142857 | AH7: =Completeness_Qwen!H32/Diagramme_Completness!H6 -> 0.96551724 | AI7: =Completeness_Qwen!I32/Diagramme_Completness!I6 -> 1 | AL7: CM | AM7: =Completeness_Qwen!K6/Diagramme_Completness!J6 -> 0.98360656 | AN7: =Completeness_Qwen!L6/Diagramme_Completness!K6 -> 0.88461538 | AQ7: CM | AR7: =Completeness_Qwen!K32/Diagramme_Completness!J6 -> 0.91803279 | AS7: =Completeness_Qwen!L32/Diagramme_Completness!K6 -> 0.84615385
A8: PM | B8: 4 | C8: 3 | D8: 7 | E8: 6 | F8: 11 | G8: 9 | H8: 14 | I8: 12 | J8: =B8+D8+F8+H8 -> 36 | K8: =C8+E8+G8+I8 -> 30 | O8: GM | P8: =Completeness_Qwen!B7/Diagramme_Completness!B7 -> 1 | Q8: =Completeness_Qwen!C7/Diagramme_Completness!C7 -> 1 | R8: =Completeness_Qwen!D7/Diagramme_Completness!D7 -> 1 | S8: =Completeness_Qwen!E7/Diagramme_Completness!E7 -> 1 | T8: =Completeness_Qwen!F7/Diagramme_Completness!F7 -> 1 | U8: =Completeness_Qwen!G7/Diagramme_Completness!G7 -> 1 | V8: =Completeness_Qwen!H7/Diagramme_Completness!H7 -> 1 | W8: =Completeness_Qwen!I7/Diagramme_Completness!I7 -> 1 | AA8: GM | AB8: =Completeness_Qwen!B33/Diagramme_Completness!B7 -> 1 | AC8: =Completeness_Qwen!C33/Diagramme_Completness!C7 -> 1 | AD8: =Completeness_Qwen!D33/Diagramme_Completness!D7 -> 1 | AE8: =Completeness_Qwen!E33/Diagramme_Completness!E7 -> 0.33333333 | AF8: =Completeness_Qwen!F33/Diagramme_Completness!F7 -> 1 | AG8: =Completeness_Qwen!G33/Diagramme_Completness!G7 -> 0.625 | AH8: =Completeness_Qwen!H33/Diagramme_Completness!H7 -> 0.69230769 | AI8: =Completeness_Qwen!I33/Diagramme_Completness!I7 -> 0.16666667 | AL8: GM | AM8: =Completeness_Qwen!K7/Diagramme_Completness!J7 -> 1 | AN8: =Completeness_Qwen!L7/Diagramme_Completness!K7 -> 1 | AQ8: GM | AR8: =Completeness_Qwen!K33/Diagramme_Completness!J7 -> 0.85714286 | AS8: =Completeness_Qwen!L33/Diagramme_Completness!K7 -> 0.375
A9: TRM | B9: 2 | C9: 1 | D9: 5 | E9: 4 | F9: 9 | G9: 8 | H9: 12 | I9: 10 | J9: =B9+D9+F9+H9 -> 28 | K9: =C9+E9+G9+I9 -> 23 | O9: PM | P9: =Completeness_Qwen!B8/Diagramme_Completness!B8 -> 1 | Q9: =Completeness_Qwen!C8/Diagramme_Completness!C8 -> 1 | R9: =Completeness_Qwen!D8/Diagramme_Completness!D8 -> 1 | S9: =Completeness_Qwen!E8/Diagramme_Completness!E8 -> 1 | T9: =Completeness_Qwen!F8/Diagramme_Completness!F8 -> 1 | U9: =Completeness_Qwen!G8/Diagramme_Completness!G8 -> 1 | V9: =Completeness_Qwen!H8/Diagramme_Completness!H8 -> 1 | W9: =Completeness_Qwen!I8/Diagramme_Completness!I8 -> 0.75 | AA9: PM | AB9: =Completeness_Qwen!B34/Diagramme_Completness!B8 -> 1 | AC9: =Completeness_Qwen!C34/Diagramme_Completness!C8 -> 1 | AD9: =Completeness_Qwen!D34/Diagramme_Completness!D8 -> 1 | AE9: =Completeness_Qwen!E34/Diagramme_Completness!E8 -> 1 | AF9: =Completeness_Qwen!F34/Diagramme_Completness!F8 -> 0.72727273 | AG9: =Completeness_Qwen!G34/Diagramme_Completness!G8 -> 0.66666667 | AH9: =Completeness_Qwen!H34/Diagramme_Completness!H8 -> 0.78571429 | AI9: =Completeness_Qwen!I34/Diagramme_Completness!I8 -> 0.58333333 | AL9: PM | AM9: =Completeness_Qwen!K8/Diagramme_Completness!J8 -> 1 | AN9: =Completeness_Qwen!L8/Diagramme_Completness!K8 -> 0.9 | AQ9: PM | AR9: =Completeness_Qwen!K34/Diagramme_Completness!J8 -> 0.83333333 | AS9: =Completeness_Qwen!L34/Diagramme_Completness!K8 -> 0.73333333
A10: Summe | B10: =SUM(B4:B9) -> 22 | C10: =SUM(C4:C9) -> 10 | D10: =SUM(D4:D9) -> 36 | E10: =SUM(E4:E9) -> 24 | F10: =SUM(F4:F9) -> 69 | G10: =SUM(G4:G9) -> 51 | H10: =SUM(H4:H9) -> 109 | I10: =SUM(I4:I9) -> 85 | ... K10: =SUM(K4:K9) -> 170 | O10: TRM | P10: =Completeness_Qwen!B9/Diagramme_Completness!B9 -> 1 | Q10: =Completeness_Qwen!C9/Diagramme_Completness!C9 -> 1 | R10: =Completeness_Qwen!D9/Diagramme_Completness!D9 -> 1 | S10: =Completeness_Qwen!E9/Diagramme_Completness!E9 -> 1 | T10: =Completeness_Qwen!F9/Diagramme_Completness!F9 -> 1 | U10: =Completeness_Qwen!G9/Diagramme_Completness!G9 -> 0.75 | V10: =Completeness_Qwen!H9/Diagramme_Completness!H9 -> 1 | W10: =Completeness_Qwen!I9/Diagramme_Completness!I9 -> 0.6 | AA10: TRM | AB10: =Completeness_Qwen!B35/Diagramme_Completness!B9 -> 1 | AC10: =Completeness_Qwen!C35/Diagramme_Completness!C9 -> 1 | AD10: =Completeness_Qwen!D35/Diagramme_Completness!D9 -> 1 | AE10: =Completeness_Qwen!E35/Diagramme_Completness!E9 -> 1 | AF10: =Completeness_Qwen!F35/Diagramme_Completness!F9 -> 1 | AG10: =Completeness_Qwen!G35/Diagramme_Completness!G9 -> 0.75 | AH10: =Completeness_Qwen!H35/Diagramme_Completness!H9 -> 1 | AI10: =Completeness_Qwen!I35/Diagramme_Completness!I9 -> 0.6 | AL10: TRM | AM10: =Completeness_Qwen!K9/Diagramme_Completness!J9 -> 1 | AN10: =Completeness_Qwen!L9/Diagramme_Completness!K9 -> 0.73913043 | AQ10: TRM | AR10: =Completeness_Qwen!K35/Diagramme_Completness!J9 -> 1 | AS10: =Completeness_Qwen!L35/Diagramme_Completness!K9 -> 0.73913043
A11: Intermodel | C11: 9 | E11: 12 | G11: 17 | I11: 20 | AL11: Gesamt | AM11: =SUM(Completeness_Qwen!K4:K9)/Diagramme_Completness!J10 -> 0.97881356 | AN11: =SUM(Completeness_Qwen!L4:L9)/Diagramme_Completness!K10 -> 0.90588235 | AQ11: Gesamt | AR11: =SUM(Completeness_Qwen!K30:K35)/Diagramme_Completness!J10 -> 0.86440678 | AS11: =SUM(Completeness_Qwen!L30:L35)/Diagramme_Completness!K10 -> 0.68235294
N13: Controlled Qwen 9b | Z13: Organized Qwen 4b | AL13: Controlled Qwen 9b | AQ13: Organized Qwen 9b
P14: S1 | Q14: S1 | R14: S2 | S14: S2 | T14: S3 | U14: S3 | V14: S4 | W14: S4 | AB14: S1 | AC14: S1 | AD14: S2 | AE14: S2 | AF14: S3 | AG14: S3 | AH14: S4 | AI14: S4 | AM14: Component | AN14: Relation | AR14: Component | AS14: Relation
O15: ARM | P15: =Completeness_Qwen!B17/Diagramme_Completness!B4 -> 1 | Q15: =Completeness_Qwen!C17/Diagramme_Completness!C4 -> 1 | R15: =Completeness_Qwen!D17/Diagramme_Completness!D4 -> 1 | S15: =Completeness_Qwen!E17/Diagramme_Completness!E4 -> 1 | T15: =Completeness_Qwen!F17/Diagramme_Completness!F4 -> 1 | U15: =Completeness_Qwen!G17/Diagramme_Completness!G4 -> 1 | V15: =Completeness_Qwen!H17/Diagramme_Completness!H4 -> 1 | W15: =Completeness_Qwen!I17/Diagramme_Completness!I4 -> 1 | AA15: ARM | AB15: =Completeness_Qwen!B43/Diagramme_Completness!B4 -> 1 | AC15: =Completeness_Qwen!C43/Diagramme_Completness!C4 -> 1 | AD15: =Completeness_Qwen!D43/Diagramme_Completness!D4 -> 1 | AE15: =Completeness_Qwen!E43/Diagramme_Completness!E4 -> 1 | AF15: =Completeness_Qwen!F43/Diagramme_Completness!F4 -> 1 | AG15: =Completeness_Qwen!G43/Diagramme_Completness!G4 -> 1 | AH15: =Completeness_Qwen!H43/Diagramme_Completness!H4 -> 1 | AI15: =Completeness_Qwen!I43/Diagramme_Completness!I4 -> 1 | AL15: ARM | AM15: =Completeness_Qwen!K17/Diagramme_Completness!J4 -> 1 | AN15: =Completeness_Qwen!L17/Diagramme_Completness!K4 -> 1 | AQ15: ARM | AR15: =Completeness_Qwen!K43/Diagramme_Completness!J4 -> 1 | AS15: =Completeness_Qwen!L43/Diagramme_Completness!K4 -> 1
O16: BPM | P16: =Completeness_Qwen!B18/Diagramme_Completness!B5 -> 0.83333333 | Q16: =Completeness_Qwen!C18/Diagramme_Completness!C5 -> 1 | R16: =Completeness_Qwen!D18/Diagramme_Completness!D5 -> 0.875 | S16: =Completeness_Qwen!E18/Diagramme_Completness!E5 -> 1 | T16: =Completeness_Qwen!F18/Diagramme_Completness!F5 -> 0.93333333 | U16: =Completeness_Qwen!G18/Diagramme_Completness!G5 -> 0.91666667 | V16: =Completeness_Qwen!H18/Diagramme_Completness!H5 -> 0.96551724 | W16: =Completeness_Qwen!I18/Diagramme_Completness!I5 -> 0.95833333 | AA16: BPM | AB16: =Completeness_Qwen!B44/Diagramme_Completness!B5 -> 0.83333333 | AC16: =Completeness_Qwen!C44/Diagramme_Completness!C5 -> 1 | AD16: =Completeness_Qwen!D44/Diagramme_Completness!D5 -> 0.875 | AE16: =Completeness_Qwen!E44/Diagramme_Completness!E5 -> 1 | AF16: =Completeness_Qwen!F44/Diagramme_Completness!F5 -> 0.93333333 | AG16: =Completeness_Qwen!G44/Diagramme_Completness!G5 -> 1 | AH16: =Completeness_Qwen!H44/Diagramme_Completness!H5 -> 0.89655172 | AI16: =Completeness_Qwen!I44/Diagramme_Completness!I5 -> 0.91666667 | AL16: BPM | AM16: =Completeness_Qwen!K18/Diagramme_Completness!J5 -> 0.93103448 | AN16: =Completeness_Qwen!L18/Diagramme_Completness!K5 -> 0.95652174 | AQ16: BPM | AR16: =Completeness_Qwen!K44/Diagramme_Completness!J5 -> 0.89655172 | AS16: =Completeness_Qwen!L44/Diagramme_Completness!K5 -> 0.95652174
O17: CM | P17: =Completeness_Qwen!B19/Diagramme_Completness!B6 -> 1 | Q17: 1 | R17: =Completeness_Qwen!D19/Diagramme_Completness!D6 -> 1 | S17: =Completeness_Qwen!E19/Diagramme_Completness!E6 -> 1 | T17: =Completeness_Qwen!F19/Diagramme_Completness!F6 -> 1 | U17: =Completeness_Qwen!G19/Diagramme_Completness!G6 -> 1 | V17: =Completeness_Qwen!H19/Diagramme_Completness!H6 -> 0.96551724 | W17: =Completeness_Qwen!I19/Diagramme_Completness!I6 -> 0.9375 | AA17: CM | AB17: =Completeness_Qwen!B45/Diagramme_Completness!B6 -> 1 | AC17: 1 | AD17: =Completeness_Qwen!D45/Diagramme_Completness!D6 -> 0.88888889 | AE17: =Completeness_Qwen!E45/Diagramme_Completness!E6 -> 1 | AF17: =Completeness_Qwen!F45/Diagramme_Completness!F6 -> 1 | AG17: =Completeness_Qwen!G45/Diagramme_Completness!G6 -> 1 | AH17: =Completeness_Qwen!H45/Diagramme_Completness!H6 -> 1 | AI17: =Completeness_Qwen!I45/Diagramme_Completness!I6 -> 1 | AL17: CM | AM17: =Completeness_Qwen!K19/Diagramme_Completness!J6 -> 0.98360656 | AN17: =Completeness_Qwen!L19/Diagramme_Completness!K6 -> 0.96153846 | AQ17: CM | AR17: =Completeness_Qwen!K45/Diagramme_Completness!J6 -> 0.98360656 | AS17: =Completeness_Qwen!L45/Diagramme_Completness!K6 -> 1
O18: GM | P18: =Completeness_Qwen!B20/Diagramme_Completness!B7 -> 1 | Q18: =Completeness_Qwen!C20/Diagramme_Completness!C7 -> 1 | R18: =Completeness_Qwen!D20/Diagramme_Completness!D7 -> 1 | S18: =Completeness_Qwen!E20/Diagramme_Completness!E7 -> 1 | T18: =Completeness_Qwen!F20/Diagramme_Completness!F7 -> 1 | U18: =Completeness_Qwen!G20/Diagramme_Completness!G7 -> 1 | V18: =Completeness_Qwen!H20/Diagramme_Completness!H7 -> 1 | W18: =Completeness_Qwen!I20/Diagramme_Completness!I7 -> 1 | AA18: GM | AB18: =Completeness_Qwen!B46/Diagramme_Completness!B7 -> 1 | AC18: =Completeness_Qwen!C46/Diagramme_Completness!C7 -> 1 | AD18: =Completeness_Qwen!D46/Diagramme_Completness!D7 -> 1 | AE18: =Completeness_Qwen!E46/Diagramme_Completness!E7 -> 1 | AF18: =Completeness_Qwen!F46/Diagramme_Completness!F7 -> 1 | AG18: =Completeness_Qwen!G46/Diagramme_Completness!G7 -> 0.625 | AH18: =Completeness_Qwen!H46/Diagramme_Completness!H7 -> 0.92307692 | AI18: =Completeness_Qwen!I46/Diagramme_Completness!I7 -> 0.5 | AL18: GM | AM18: =Completeness_Qwen!K20/Diagramme_Completness!J7 -> 1 | AN18: =Completeness_Qwen!L20/Diagramme_Completness!K7 -> 1 | AQ18: GM | AR18: =Completeness_Qwen!K46/Diagramme_Completness!J7 -> 0.96428571 | AS18: =Completeness_Qwen!L46/Diagramme_Completness!K7 -> 0.625
O19: PM | P19: =Completeness_Qwen!B21/Diagramme_Completness!B8 -> 1 | Q19: =Completeness_Qwen!C21/Diagramme_Completness!C8 -> 1 | R19: =Completeness_Qwen!D21/Diagramme_Completness!D8 -> 1 | S19: =Completeness_Qwen!E21/Diagramme_Completness!E8 -> 1 | T19: =Completeness_Qwen!F21/Diagramme_Completness!F8 -> 1 | U19: =Completeness_Qwen!G21/Diagramme_Completness!G8 -> 1 | V19: =Completeness_Qwen!H21/Diagramme_Completness!H8 -> 0.78571429 | W19: =Completeness_Qwen!I21/Diagramme_Completness!I8 -> 0.5 | AA19: PM | AB19: =Completeness_Qwen!B47/Diagramme_Completness!B8 -> 1 | AC19: =Completeness_Qwen!C47/Diagramme_Completness!C8 -> 1 | AD19: =Completeness_Qwen!D47/Diagramme_Completness!D8 -> 1 | AE19: =Completeness_Qwen!E47/Diagramme_Completness!E8 -> 1 | AF19: =Completeness_Qwen!F47/Diagramme_Completness!F8 -> 0.90909091 | AG19: =Completeness_Qwen!G47/Diagramme_Completness!G8 -> 0.88888889 | AH19: =Completeness_Qwen!H47/Diagramme_Completness!H8 -> 0.78571429 | AI19: =Completeness_Qwen!I47/Diagramme_Completness!I8 -> 0.5 | AL19: PM | AM19: =Completeness_Qwen!K21/Diagramme_Completness!J8 -> 0.91666667 | AN19: =Completeness_Qwen!L21/Diagramme_Completness!K8 -> 0.8 | AQ19: PM | AR19: =Completeness_Qwen!K47/Diagramme_Completness!J8 -> 0.88888889 | AS19: =Completeness_Qwen!L47/Diagramme_Completness!K8 -> 0.76666667
O20: TRM | P20: =Completeness_Qwen!B22/Diagramme_Completness!B9 -> 1 | Q20: =Completeness_Qwen!C22/Diagramme_Completness!C9 -> 1 | R20: =Completeness_Qwen!D22/Diagramme_Completness!D9 -> 1 | S20: =Completeness_Qwen!E22/Diagramme_Completness!E9 -> 1 | T20: =Completeness_Qwen!F22/Diagramme_Completness!F9 -> 1 | U20: =Completeness_Qwen!G22/Diagramme_Completness!G9 -> 0.75 | V20: =Completeness_Qwen!H22/Diagramme_Completness!H9 -> 1 | W20: =Completeness_Qwen!I22/Diagramme_Completness!I9 -> 0.6 | AA20: TRM | AB20: =Completeness_Qwen!B48/Diagramme_Completness!B9 -> 1 | AC20: =Completeness_Qwen!C48/Diagramme_Completness!C9 -> 1 | AD20: =Completeness_Qwen!D48/Diagramme_Completness!D9 -> 1 | AE20: =Completeness_Qwen!E48/Diagramme_Completness!E9 -> 1 | AF20: =Completeness_Qwen!F48/Diagramme_Completness!F9 -> 1 | AG20: =Completeness_Qwen!G48/Diagramme_Completness!G9 -> 0.75 | AH20: =Completeness_Qwen!H48/Diagramme_Completness!H9 -> 1 | AI20: =Completeness_Qwen!I48/Diagramme_Completness!I9 -> 0.6 | AL20: TRM | AM20: =Completeness_Qwen!K22/Diagramme_Completness!J9 -> 1 | AN20: =Completeness_Qwen!L22/Diagramme_Completness!K9 -> 0.73913043 | AQ20: TRM | AR20: =Completeness_Qwen!K48/Diagramme_Completness!J9 -> 1 | AS20: =Completeness_Qwen!L48/Diagramme_Completness!K9 -> 0.73913043
AL21: Gesamt | AM21: =SUM(Completeness_Qwen!K17:K22)/Diagramme_Completness!J10 -> 0.96610169 | AN21: =SUM(Completeness_Qwen!L17:L22)/Diagramme_Completness!K10 -> 0.91176471 | AQ21: Gesamt | AR21: =SUM(Completeness_Qwen!K43:K48)/Diagramme_Completness!J10 -> 0.94915254 | AS21: =SUM(Completeness_Qwen!L43:L48)/Diagramme_Completness!K10 -> 0.85882353
AV23: Gesamt | AW23: =(SUM([1]Completeness_Gemma!K4:K9)+SUM([1]Completeness_Gemma!K17:K22)+SUM([1]Completeness_Gemma!K30:K35)+SUM([1]Completeness_Gemma!K43:K48))/(J10*4) -> 0.78283898 | AX23: =(SUM([1]Completeness_Gemma!L4:L9)+SUM([1]Completeness_Gemma!L17:L22)+SUM([1]Completeness_Gemma!L30:L35)+SUM([1]Completeness_Gemma!L43:L48))/(K10*4) -> 0.68823529
AL24: Gesamt | AM24: =(SUM(Completeness_Qwen!K4:K9)+SUM(Completeness_Qwen!K17:K22)+SUM(Completeness_Qwen!K30:K35)+SUM(Completeness_Qwen!K43:K48))/(J10*4) -> 0.93961864 | AN24: =(SUM(Completeness_Qwen!L4:L9)+SUM(Completeness_Qwen!L17:L22)+SUM(Completeness_Qwen!L30:L35)+SUM(Completeness_Qwen!L43:L48))/(K10*4) -> 0.83970588
AV25: Gesamt Controlled | AW25: =(SUM([1]Completeness_OpenAI!K4:K9)+SUM([1]Completeness_OpenAI!K17:K22)+SUM([1]Completeness_Gemini!K4:K9)+SUM([1]Completeness_Gemini!K17:K22))/(J10*4) -> 0.9565678 | AX25: =(SUM([1]Completeness_OpenAI!L4:L9)+SUM([1]Completeness_OpenAI!L17:L22)+SUM([1]Completeness_Gemini!L4:L9)+SUM([1]Completeness_Gemini!L17:L22))/(K10*4) -> 0.93970588
AL26: Gesamt Controlled | AM26: =(SUM(Completeness_Qwen!K4:K9)+SUM(Completeness_Qwen!K17:K22))/(J10*2) -> 0.97245763 | AN26: =(SUM(Completeness_Qwen!L4:L9)+SUM(Completeness_Qwen!L17:L22))/(K10*2) -> 0.90882353 | AV26: Gesamt Organized | AW26: =(SUM([1]Completeness_OpenAI!K30:K35)+SUM([1]Completeness_OpenAI!K43:K48)+SUM([1]Completeness_Gemini!K30:K35)+SUM([1]Completeness_Gemini!K43:K48))/(J10*4) -> 0.94597458 | AX26: =(SUM([1]Completeness_OpenAI!L30:L35)+SUM([1]Completeness_OpenAI!L43:L48)+SUM([1]Completeness_Gemini!L30:L35)+SUM([1]Completeness_Gemini!L43:L48))/(K10*4) -> 0.91470588
AL27: Gesamt Organized | AM27: =(SUM(Completeness_Qwen!K30:K35)+SUM(Completeness_Qwen!K43:K48))/(J10*2) -> 0.90677966 | AN27: =(SUM(Completeness_Qwen!L30:L35)+SUM(Completeness_Qwen!L43:L48))/(K10*2) -> 0.77058824

Sheet Diagramme_Quality
B1: 4b controlled | N1: 9b controlled
B3: Modell | C3: S1 | D3: S2 | E3: S3.1 | F3: S3.2 | G3: S4.1 | H3: S4.2 | I3: S4.3 | N3: Modell | O3: S1 | P3: S2 | Q3: S3.1 | R3: S3.2 | S3: S4.1 | T3: S4.2 | U3: S4.3
B4: ARM | C4: =Quality_Qwen!B4 -> 5 | D4: =Quality_Qwen!C4 -> 5 | E4: =Quality_Qwen!D4 -> 4 | G4: =Quality_Qwen!F4 -> 4 | K4: =Quality_Qwen!J4 -> 4.5 | N4: ARM
B5: BPM | C5: =Quality_Qwen!B5 -> 3 | D5: =Quality_Qwen!C5 -> 3 | E5: =Quality_Qwen!D5 -> 3 | F5: =Quality_Qwen!E5 -> 2 | G5: =Quality_Qwen!F5 -> 3 | H5: =Quality_Qwen!G5 -> 2 | I5: =Quality_Qwen!H5 -> 4 | K5: =Quality_Qwen!J5 -> 2.8571429 | N5: BPM
B6: CM | C6: =Quality_Qwen!B6 -> 5 | D6: =Quality_Qwen!C6 -> 5 | E6: =Quality_Qwen!D6 -> 3 | G6: =Quality_Qwen!F6 -> 3 | K6: =Quality_Qwen!J6 -> 4 | N6: CM
B7: GM | C7: =Quality_Qwen!B7 -> 5 | D7: =Quality_Qwen!C7 -> 5 | E7: =Quality_Qwen!D7 -> 3 | G7: =Quality_Qwen!F7 -> 4 | K7: =Quality_Qwen!J7 -> 4.25 | N7: GM
B8: PM | C8: =Quality_Qwen!B8 -> 5 | D8: =Quality_Qwen!C8 -> 3 | E8: =Quality_Qwen!D8 -> 3 | G8: =Quality_Qwen!F8 -> 3 | K8: =Quality_Qwen!J8 -> 3.5 | N8: PM
B9: TRM | C9: =Quality_Qwen!B9 -> 4 | D9: =Quality_Qwen!C9 -> 5 | E9: =Quality_Qwen!D9 -> 3 | G9: =Quality_Qwen!F9 -> 2 | K9: =Quality_Qwen!J9 -> 3.5 | N9: TRM
B11: Durchschnitt | C11: =Quality_Qwen!B11 -> 4.5 | D11: =Quality_Qwen!C11 -> 4.3333333 | E11: =Quality_Qwen!D11 -> 3.1666667 | F11: =Quality_Qwen!E11 -> 2 | G11: =Quality_Qwen!F11 -> 3.1666667 | H11: =Quality_Qwen!G11 -> 2 | I11: =Quality_Qwen!H11 -> 4 | K11: =Quality_Qwen!J11 -> 0 | N11: Durchschnitt
E12: 7 | F12: 8
C13: S1 | D13: S2 | E13: S3 | F13: S4
B14: Qwen 4b controlled | C14: =SUM(Quality_Qwen!B4:B9)/6 -> 4.5 | D14: =SUM(Quality_Qwen!C4:C9)/6 -> 4.3333333 | E14: =SUM(Quality_Qwen!D4:E9)/7 -> 3 | F14: =SUM(Quality_Qwen!F4:H9)/8 -> 3.125
B15: Qwen 9b controlled | C15: =SUM(Quality_Qwen!B17:B22)/6 -> 4.3333333 | D15: =SUM(Quality_Qwen!C17:C22)/6 -> 4 | E15: =SUM(Quality_Qwen!D17:E22)/7 -> 3.8571429 | F15: =SUM(Quality_Qwen!F17:H22)/8 -> 3.25
B16: Qwen 4b organized | C16: =SUM(Quality_Qwen!B30:B35)/6 -> 4.6666667 | D16: =SUM(Quality_Qwen!C30:C35)/6 -> 3.3333333 | E16: =SUM(Quality_Qwen!D30:E35)/7 -> 2.8571429 | F16: =SUM(Quality_Qwen!F30:H35)/8 -> 2.25
B17: Qwen 9b organized | C17: =SUM(Quality_Qwen!B43:B48)/6 -> 4.6666667 | D17: =SUM(Quality_Qwen!C43:C48)/6 -> 3.8333333 | E17: =SUM(Quality_Qwen!D43:E48)/7 -> 3.7142857 | F17: =SUM(Quality_Qwen!F43:H48)/8 -> 3.5

Sheet Overview

Sheet Importability_Qwen
A1: controlled_qwen_4b
B3: S1 | C3: S2 | D3: S3.1 | E3: S3.2 | F3: S4.1 | G3: S4.2 | H3: S4.3 | M3: S1 | N3: S2 | O3: S3 | P3: S4 | Q3: Gesamt
A4: ARM | B4: 3 | C4: 3 | D4: 3 | F4: 1 | J4: =SUM(B4:H4)/12 -> 0.83333333 | L4: 4b | M4: =(SUM(B4:B9)+SUM(B30:B35))/36 -> 0.91666667 | N4: =(SUM(C4:C9)+SUM(C30:C35))/36 -> 0.86111111 | O4: =(SUM(D4:E9)+SUM(D30:E35))/42 -> 0.9047619 | P4: =(SUM(F4:H9)+SUM(F30:H35))/48 -> 0.77083333 | Q4: =(SUM(B4:H9)+SUM(B30:H35))/162 -> 0.85802469
A5: BPM | B5: 3 | C5: 3 | D5: 3 | E5: 3 | F5: 3 | G5: 3 | H5: 3 | J5: =SUM(B5:H5)/21 -> 1 | L5: 9b | M5: =(SUM(B17:B22)+SUM(B43:B48))/36 -> 1 | N5: =(SUM(C17:C22)+SUM(C43:C48))/36 -> 1 | O5: =(SUM(D17:E22)+SUM(D43:E48))/42 -> 0.95238095 | P5: =(SUM(F17:H22)+SUM(F43:H48))/48 -> 0.9375 | Q5: =(SUM(B17:H22)+SUM(B43:H48))/162 -> 0.9691358
A6: CM | B6: 3 | C6: 3 | D6: 3 | F6: 2 | J6: =SUM(B6:H6)/12 -> 0.91666667
A7: GM | B7: 2 | C7: 2 | D7: 2 | F7: 3 | J7: =SUM(B7:H7)/12 -> 0.75
A8: PM | B8: 3 | C8: 3 | D8: 3 | F8: 3 | J8: =SUM(B8:H8)/12 -> 1
A9: TRM | B9: 3 | C9: 3 | D9: 3 | F9: 2 | J9: =SUM(B9:H9)/12 -> 0.91666667
B11: =SUM(B4:B9)/18 -> 0.94444444 | C11: =SUM(C4:C9)/18 -> 0.94444444 | D11: =SUM(D4:D9)/18 -> 0.94444444 | E11: =SUM(E4:E9)/3 -> 1 | F11: =SUM(F4:F9)/18 -> 0.77777778 | G11: =SUM(G4:G9)/3 -> 1 | H11: =SUM(H4:H9)/3 -> 1
A14: controlled_qwen_9b
B16: S1 | C16: S2 | D16: S3.1 | E16: S3.2 | F16: S4.1 | G16: S4.2 | H16: S4.3
A17: ARM | B17: 3 | C17: 3 | D17: 3 | F17: 3 | J17: =SUM(B17:H17)/12 -> 1
A18: BPM | B18: 3 | C18: 3 | D18: 3 | E18: 3 | F18: 3 | G18: 3 | H18: 3 | J18: =SUM(B18:H18)/21 -> 1
A19: CM | B19: 3 | C19: 3 | D19: 2 | F19: 3 | J19: =SUM(B19:H19)/12 -> 0.91666667
A20: GM | B20: 3 | C20: 3 | D20: 3 | F20: 3 | J20: =SUM(B20:H20)/12 -> 1
A21: PM | B21: 3 | C21: 3 | D21: 3 | F21: 3 | J21: =SUM(B21:H21)/12 -> 1
A22: TRM | B22: 3 | C22: 3 | D22: 3 | F22: 3 | J22: =SUM(B22:H22)/12 -> 1
B24: =SUM(B17:B22)/18 -> 1 | C24: =SUM(C17:C22)/18 -> 1 | D24: =SUM(D17:D22)/18 -> 0.94444444 | E24: =SUM(E17:E22)/3 -> 1 | F24: =SUM(F17:F22)/18 -> 1 | G24: =SUM(G17:G22)/3 -> 1 | H24: =SUM(H17:H22)/3 -> 1
A27: organized_qwen_4b
B29: S1 | C29: S2 | D29: S3.1 | E29: S3.2 | F29: S4.1 | G29: S4.2 | H29: S4.3
A30: ARM | B30: 3 | C30: 3 | D30: 1 | F30: 0 | J30: =SUM(B30:H30)/12 -> 0.58333333
A31: BPM | B31: 1 | C31: 1 | D31: 2 | E31: 3 | F31: 2 | G31: 3 | H31: 3 | J31: =SUM(B31:H31)/21 -> 0.71428571
A32: CM | B32: 3 | C32: 3 | D32: 3 | F32: 3 | J32: =SUM(B32:H32)/12 -> 1
A33: GM | B33: 3 | C33: 1 | D33: 3 | F33: 0 | J33: =SUM(B33:H33)/12 -> 0.58333333
A34: PM | B34: 3 | C34: 3 | D34: 3 | F34: 3 | J34: =SUM(B34:H34)/12 -> 1
A35: TRM | B35: 3 | C35: 3 | D35: 3 | F35: 3 | J35: =SUM(B35:H35)/12 -> 1
B37: =SUM(B30:B35)/18 -> 0.88888889 | C37: =SUM(C30:C35)/18 -> 0.77777778 | D37: =SUM(D30:D35)/18 -> 0.83333333 | E37: =SUM(E30:E35)/3 -> 1 | F37: =SUM(F30:F35)/18 -> 0.61111111 | G37: =SUM(G30:G35)/3 -> 1 | H37: =SUM(H30:H35)/3 -> 1
A40: organized_qwen_9b
B42: S1 | C42: S2 | D42: S3.1 | E42: S3.2 | F42: S4.1 | G42: S4.2 | H42: S4.3
A43: ARM | B43: 3 | C43: 3 | D43: 3 | F43: 1 | J43: =SUM(B43:H43)/12 -> 0.83333333
A44: BPM | B44: 3 | C44: 3 | D44: 3 | E44: 3 | F44: 3 | G44: 3 | H44: 3 | J44: =SUM(B44:H44)/21 -> 1
A45: CM | B45: 3 | C45: 3 | D45: 3 | F45: 3 | J45: =SUM(B45:H45)/12 -> 1
A46: GM | B46: 3 | C46: 3 | D46: 2 | F46: 2 | J46: =SUM(B46:H46)/12 -> 0.83333333
A47: PM | B47: 3 | C47: 3 | D47: 3 | F47: 3 | J47: =SUM(B47:H47)/12 -> 1
A48: TRM | B48: 3 | C48: 3 | D48: 3 | F48: 3 | J48: =SUM(B48:H48)/12 -> 1
B50: =SUM(B43:B48)/18 -> 1 | C50: =SUM(C43:C48)/18 -> 1 | D50: =SUM(D43:D48)/18 -> 0.94444444 | E50: =SUM(E43:E48)/3 -> 1 | F50: =SUM(F43:F48)/18 -> 0.83333333 | G50: =SUM(G43:G48)/3 -> 1 | H50: =SUM(H43:H48)/3 -> 1

Sheet Completeness_Qwen
A1: controlled_qwen_4b | G1: 6
B2: S1 | D2: S2 | F2: S3 | H2: S4
K3: Component | L3: Relation | O3: S1 Konzepte | P3: S1 Relationen | Q3: S2 Konzepte | R3: S2 Relationen | S3: S3 Konzepte | T3: S3 Relationen | U3: S4 Konzepte | V3: S4 Relationen | W3: Gesamt Konzepte | X3: Gesamt Relationen
A4: ARM | B4: 2 | C4: 1 | D4: 3 | E4: 2 | F4: 8 | G4: 7 | H4: 12 | I4: 11 | K4: =B4+D4+F4+H4 -> 25 | L4: =C4+E4+G4+I4 -> 21 | N4: 4b | O4: =(SUM(B4:B9)+SUM(B30:B35))/([1]Diagramme_Completness!B10*2) -> 0.95454545 | P4: =(SUM(C4:C9)+SUM(C30:C35))/([1]Diagramme_Completness!C10*2) -> 1 | Q4: =(SUM(D4:D9)+SUM(D30:D35))/([1]Diagramme_Completness!D10*2) -> 0.95833333 | R4: =(SUM(E4:E9)+SUM(E30:E35))/([1]Diagramme_Completness!E10*2) -> 0.89583333 | S4: =(SUM(F4:F9)+SUM(F30:F35))/([1]Diagramme_Completness!F10*2) -> 0.92753623 | T4: =(SUM(G4:G9)+SUM(G30:G35))/([1]Diagramme_Completness!G10*2) -> 0.79411765 | U4: =(SUM(H4:H9)+SUM(H30:H35))/([1]Diagramme_Completness!H10*2) -> 0.89908257 | V4: =(SUM(I4:I9)+SUM(I30:I35))/([1]Diagramme_Completness!I10*2) -> 0.74117647 | W4: =(SUM(B4:B9)+SUM(D4:D9)+SUM(F4:F9)+SUM(H4:H9)+SUM(B30:B35)+SUM(D30:D35)+SUM(F30:F35)+SUM(H30:H35))/([1]Diagramme_Completness!J10*2) -> 0.92161017 | X4: =(SUM(C4:C9)+SUM(E4:E9)+SUM(G4:G9)+SUM(I4:I9)+SUM(C30:C35)+SUM(E30:E35)+SUM(G30:G35)+SUM(I30:I35))/([1]Diagramme_Completness!K10*2) -> 0.79411765
A5: BPM | B5: 5 | C5: 4 | D5: 7 | E5: 6 | F5: 14 | G5: 10 | H5: 28 | I5: 22 | K5: =B5+D5+F5+H5 -> 54 | L5: =C5+E5+G5+I5 -> 42 | N5: 9b | O5: =(SUM(B17:B22)+SUM(B43:B48))/([1]Diagramme_Completness!B10*2) -> 0.95454545 | P5: =(SUM(C17:C22)+SUM(C43:C48))/([1]Diagramme_Completness!C10*2) -> 1 | Q5: =(SUM(D17:D22)+SUM(D43:D48))/([1]Diagramme_Completness!D10*2) -> 0.95833333 | R5: =(SUM(E17:E22)+SUM(E43:E48))/([1]Diagramme_Completness!E10*2) -> 1 | S5: =(SUM(F17:F22)+SUM(F43:F48))/([1]Diagramme_Completness!F10*2) -> 0.97826087 | T5: =(SUM(G17:G22)+SUM(G43:G48))/([1]Diagramme_Completness!G10*2) -> 0.91176471 | U5: =(SUM(H17:H22)+SUM(H43:H48))/([1]Diagramme_Completness!H10*2) -> 0.94495413 | V5: =(SUM(I17:I22)+SUM(I43:I48))/([1]Diagramme_Completness!I10*2) -> 0.82352941 | W5: =(SUM(K17:K22)+SUM(K43:K48))/([1]Diagramme_Completness!J10*2) -> 0.95762712 | X5: =(SUM(L17:L22)+SUM(L43:L48))/([1]Diagramme_Completness!K10*2) -> 0.88529412
A6: CM | B6: 6 | C6: 0 | D6: 9 | E6: 3 | F6: 16 | G6: 6 | H6: 29 | I6: 14 | K6: =B6+D6+F6+H6 -> 60 | L6: =C6+E6+G6+I6 -> 23
A7: GM | B7: 2 | C7: 1 | D7: 4 | E7: 3 | F7: 9 | G7: 8 | H7: 13 | I7: 12 | K7: =B7+D7+F7+H7 -> 28 | L7: =C7+E7+G7+I7 -> 24
A8: PM | B8: 4 | C8: 3 | D8: 7 | E8: 6 | F8: 11 | G8: 9 | H8: 14 | I8: 9 | K8: =B8+D8+F8+H8 -> 36 | L8: =C8+E8+G8+I8 -> 27
A9: TRM | B9: 2 | C9: 1 | D9: 5 | E9: 4 | F9: 9 | G9: 6 | H9: 12 | I9: 6 | K9: =B9+D9+F9+H9 -> 28 | L9: =C9+E9+G9+I9 -> 17
B11: =SUM(B4:B9)/22 -> 0.95454545 | C11: =SUM(C4:C9)/10 -> 1 | D11: =SUM(D4:D9)/36 -> 0.97222222 | E11: =SUM(E4:E9)/24 -> 1 | F11: =SUM(F4:F9)/69 -> 0.97101449 | G11: =SUM(G4:G9)/51 -> 0.90196078 | H11: =SUM(H4:H9)/109 -> 0.99082569 | I11: =SUM(I4:I9)/85 -> 0.87058824
A14: controlled_qwen_9b
F15: 7 | G15: 6
B16: S1 | D16: S2 | F16: S3 | H16: S4 | K16: Component | L16: Relation
A17: ARM | B17: 2 | C17: 1 | D17: 3 | E17: 2 | F17: 8 | G17: 7 | H17: 12 | I17: 11 | K17: =B17+D17+F17+H17 -> 25 | L17: =C17+E17+G17+I17 -> 21
A18: BPM | B18: 5 | C18: 4 | D18: 7 | E18: 6 | F18: 14 | G18: 11 | H18: 28 | I18: 23 | K18: =B18+D18+F18+H18 -> 54 | L18: =C18+E18+G18+I18 -> 44
A19: CM | B19: 6 | C19: 0 | D19: 9 | E19: 3 | F19: 17 | G19: 7 | H19: 28 | I19: 15 | K19: =B19+D19+F19+H19 -> 60 | L19: =C19+E19+G19+I19 -> 25
A20: GM | B20: 2 | C20: 1 | D20: 4 | E20: 3 | F20: 9 | G20: 8 | H20: 13 | I20: 12 | K20: =B20+D20+F20+H20 -> 28 | L20: =C20+E20+G20+I20 -> 24
A21: PM | B21: 4 | C21: 3 | D21: 7 | E21: 6 | F21: 11 | G21: 9 | H21: 11 | I21: 6 | K21: =B21+D21+F21+H21 -> 33 | L21: =C21+E21+G21+I21 -> 24
A22: TRM | B22: 2 | C22: 1 | D22: 5 | E22: 4 | F22: 9 | G22: 6 | H22: 12 | I22: 6 | K22: =B22+D22+F22+H22 -> 28 | L22: =C22+E22+G22+I22 -> 17
B24: =SUM(B17:B22)/22 -> 0.95454545 | C24: =SUM(C17:C22)/10 -> 1 | D24: =SUM(D17:D22)/36 -> 0.97222222 | E24: =SUM(E17:E22)/24 -> 1 | F24: =SUM(F17:F22)/69 -> 0.98550725 | G24: =SUM(G17:G22)/51 -> 0.94117647 | H24: =SUM(H17:H22)/109 -> 0.95412844 | I24: =SUM(I17:I22)/85 -> 0.85882353
A27: organized_qwen_4b
B29: S1 | D29: S2 | F29: S3 | H29: S4 | K29: Component | L29: Relation
A30: ARM | B30: 2 | C30: 1 | D30: 3 | E30: 0 | F30: 7 | G30: 4 | H30: 0 | I30: 0 | K30: =B30+D30+F30+H30 -> 12 | L30: =C30+E30+G30+I30 -> 5
A31: BPM | B31: 5 | C31: 4 | D31: 7 | E31: 6 | F31: 14 | G31: 10 | H31: 28 | I31: 21 | K31: =B31+D31+F31+H31 -> 54 | L31: =C31+E31+G31+I31 -> 41
A32: CM | B32: 6 | C32: 0 | D32: 8 | E32: 2 | F32: 14 | G32: 4 | H32: 28 | I32: 16 | K32: =B32+D32+F32+H32 -> 56 | L32: =C32+E32+G32+I32 -> 22
A33: GM | B33: 2 | C33: 1 | D33: 4 | E33: 1 | F33: 9 | G33: 5 | H33: 9 | I33: 2 | K33: =B33+D33+F33+H33 -> 24 | L33: =C33+E33+G33+I33 -> 9
A34: PM | B34: 4 | C34: 3 | D34: 7 | E34: 6 | F34: 8 | G34: 6 | H34: 11 | I34: 7 | K34: =B34+D34+F34+H34 -> 30 | L34: =C34+E34+G34+I34 -> 22
A35: TRM | B35: 2 | C35: 1 | D35: 5 | E35: 4 | F35: 9 | G35: 6 | H35: 12 | I35: 6 | K35: =B35+D35+F35+H35 -> 28 | L35: =C35+E35+G35+I35 -> 17
B37: =SUM(B30:B35)/22 -> 0.95454545 | C37: =SUM(C30:C35)/10 -> 1 | D37: =SUM(D30:D35)/36 -> 0.94444444 | E37: =SUM(E30:E35)/24 -> 0.79166667 | F37: =SUM(F30:F35)/69 -> 0.88405797 | G37: =SUM(G30:G35)/51 -> 0.68627451 | H37: =SUM(H30:H35)/109 -> 0.80733945 | I37: =SUM(I30:I35)/85 -> 0.61176471
A40: organized_qwen_9b
B42: S1 | D42: S2 | F42: S3 | H42: S4 | K42: Component | L42: Relation
A43: ARM | B43: 2 | C43: 1 | D43: 3 | E43: 2 | F43: 8 | G43: 7 | H43: 12 | I43: 11 | K43: =B43+D43+F43+H43 -> 25 | L43: =C43+E43+G43+I43 -> 21
A44: BPM | B44: 5 | C44: 4 | D44: 7 | E44: 6 | F44: 14 | G44: 12 | H44: 26 | I44: 22 | K44: =B44+D44+F44+H44 -> 52 | L44: =C44+E44+G44+I44 -> 44
A45: CM | B45: 6 | C45: 0 | D45: 8 | E45: 3 | F45: 17 | G45: 7 | H45: 29 | I45: 16 | K45: =B45+D45+F45+H45 -> 60 | L45: =C45+E45+G45+I45 -> 26
A46: GM | B46: 2 | C46: 1 | D46: 4 | E46: 3 | F46: 9 | G46: 5 | H46: 12 | I46: 6 | K46: =B46+D46+F46+H46 -> 27 | L46: =C46+E46+G46+I46 -> 15
A47: PM | B47: 4 | C47: 3 | D47: 7 | E47: 6 | F47: 10 | G47: 8 | H47: 11 | I47: 6 | K47: =B47+D47+F47+H47 -> 32 | L47: =C47+E47+G47+I47 -> 23
A48: TRM | B48: 2 | C48: 1 | D48: 5 | E48: 4 | F48: 9 | G48: 6 | H48: 12 | I48: 6 | K48: =B48+D48+F48+H48 -> 28 | L48: =C48+E48+G48+I48 -> 17
B50: =SUM(B43:B48)/22 -> 0.95454545 | C50: =SUM(C43:C48)/10 -> 1 | D50: =SUM(D43:D48)/36 -> 0.94444444 | E50: =SUM(E43:E48)/24 -> 1 | F50: =SUM(F43:F48)/69 -> 0.97101449 | G50: =SUM(G43:G48)/51 -> 0.88235294 | H50: =SUM(H43:H48)/109 -> 0.93577982 | I50: =SUM(I43:I48)/85 -> 0.78823529

Sheet Precision_Qwen
A1: controlled_qwen_4b
B2: S1 | D2: S2 | F2: S3 | H2: S4
K3: Component | L3: Relation | O3: S1 Konzepte | P3: S1 Relationen | Q3: S2 Konzepte | R3: S2 Relationen | S3: S3 Konzepte | T3: S3 Relationen | U3: S4 Konzepte | V3: S4 Relationen | W3: Gesamt Konzepte | X3: Gesamt Relationen
A4: ARM | B4: 2 | C4: 1 | D4: 3 | E4: 2 | F4: 8 | G4: 7 | H4: 12 | I4: 11 | K4: =B4+D4+F4+H4 -> 25 | L4: =C4+E4+G4+I4 -> 21 | N4: 4b | O4: =(SUM(B4:B9)+SUM(B30:B35))/([1]Diagramme_Completness!B10*2) -> 0.95454545 | P4: =(SUM(C4:C9)+SUM(C30:C35))/([1]Diagramme_Completness!C10*2) -> 1 | Q4: =(SUM(D4:D9)+SUM(D30:D35))/([1]Diagramme_Completness!D10*2) -> 0.95833333 | R4: =(SUM(E4:E9)+SUM(E30:E35))/([1]Diagramme_Completness!E10*2) -> 0.9375 | S4: =(SUM(F4:F9)+SUM(F30:F35))/([1]Diagramme_Completness!F10*2) -> 0.92753623 | T4: =(SUM(G4:G9)+SUM(G30:G35))/([1]Diagramme_Completness!G10*2) -> 0.85294118 | U4: =(SUM(H4:H9)+SUM(H30:H35))/([1]Diagramme_Completness!H10*2) -> 0.91743119 | V4: =(SUM(I4:I9)+SUM(I30:I35))/([1]Diagramme_Completness!I10*2) -> 0.78823529 | W4: =(SUM(B4:B9)+SUM(D4:D9)+SUM(F4:F9)+SUM(H4:H9)+SUM(B30:B35)+SUM(D30:D35)+SUM(F30:F35)+SUM(H30:H35))/([1]Diagramme_Completness!J10*2) -> 0.93008475 | X4: =(SUM(C4:C9)+SUM(E4:E9)+SUM(G4:G9)+SUM(I4:I9)+SUM(C30:C35)+SUM(E30:E35)+SUM(G30:G35)+SUM(I30:I35))/([1]Diagramme_Completness!K10*2) -> 0.84117647
A5: BPM | B5: 5 | C5: 4 | D5: 7 | E5: 6 | F5: 14 | G5: 10 | H5: 28 | I5: 22 | K5: =B5+D5+F5+H5 -> 54 | L5: =C5+E5+G5+I5 -> 42 | N5: 9b | O5: =(SUM(B17:B22)+SUM(B43:B48))/([1]Diagramme_Completness!B10*2) -> 0.95454545 | P5: =(SUM(C17:C22)+SUM(C43:C48))/([1]Diagramme_Completness!C10*2) -> 1 | Q5: =(SUM(D17:D22)+SUM(D43:D48))/([1]Diagramme_Completness!D10*2) -> 0.94444444 | R5: =(SUM(E17:E22)+SUM(E43:E48))/([1]Diagramme_Completness!E10*2) -> 1 | S5: =(SUM(F17:F22)+SUM(F43:F48))/([1]Diagramme_Completness!F10*2) -> 0.96376812 | T5: =(SUM(G17:G22)+SUM(G43:G48))/([1]Diagramme_Completness!G10*2) -> 0.91176471 | U5: =(SUM(H17:H22)+SUM(H43:H48))/([1]Diagramme_Completness!H10*2) -> 0.94495413 | V5: =(SUM(I17:I22)+SUM(I43:I48))/([1]Diagramme_Completness!I10*2) -> 0.82352941 | W5: =(SUM(K17:K22)+SUM(K43:K48))/([1]Diagramme_Completness!J10*2) -> 0.95127119 | X5: =(SUM(L17:L22)+SUM(L43:L48))/([1]Diagramme_Completness!K10*2) -> 0.88529412
A6: CM | B6: 6 | C6: 0 | D6: 9 | E6: 3 | F6: 16 | G6: 6 | H6: 29 | I6: 14 | K6: =B6+D6+F6+H6 -> 60 | L6: =C6+E6+G6+I6 -> 23
A7: GM | B7: 2 | C7: 1 | D7: 4 | E7: 3 | F7: 9 | G7: 8 | H7: 11 | I7: 9 | K7: =B7+D7+F7+H7 -> 26 | L7: =C7+E7+G7+I7 -> 21
A8: PM | B8: 4 | C8: 3 | D8: 7 | E8: 6 | F8: 10 | G8: 9 | H8: 13 | I8: 8 | K8: =B8+D8+F8+H8 -> 34 | L8: =C8+E8+G8+I8 -> 26
A9: TRM | B9: 2 | C9: 1 | D9: 5 | E9: 4 | F9: 9 | G9: 6 | H9: 12 | I9: 6 | K9: =B9+D9+F9+H9 -> 28 | L9: =C9+E9+G9+I9 -> 17
B11: =SUM(B4:B9)/22 -> 0.95454545 | C11: =SUM(C4:C9)/10 -> 1 | D11: =SUM(D4:D9)/36 -> 0.97222222 | E11: =SUM(E4:E9)/24 -> 1 | F11: =SUM(F4:F9)/69 -> 0.95652174 | G11: =SUM(G4:G9)/51 -> 0.90196078 | H11: =SUM(H4:H9)/109 -> 0.96330275 | I11: =SUM(I4:I9)/85 -> 0.82352941
A14: controlled_qwen_9b
F15: 7 | G15: 6
B16: S1 | D16: S2 | F16: S3 | H16: S4 | K16: Component | L16: Relation
A17: ARM | B17: 2 | C17: 1 | D17: 3 | E17: 2 | F17: 8 | G17: 7 | H17: 12 | I17: 11 | K17: =B17+D17+F17+H17 -> 25 | L17: =C17+E17+G17+I17 -> 21
A18: BPM | B18: 5 | C18: 4 | D18: 7 | E18: 6 | F18: 14 | G18: 11 | H18: 28 | I18: 23 | K18: =B18+D18+F18+H18 -> 54 | L18: =C18+E18+G18+I18 -> 44
A19: CM | B19: 6 | C19: 0 | D19: 9 | E19: 3 | F19: 17 | G19: 7 | H19: 28 | I19: 15 | K19: =B19+D19+F19+H19 -> 60 | L19: =C19+E19+G19+I19 -> 25
A20: GM | B20: 2 | C20: 1 | D20: 3 | E20: 3 | F20: 9 | G20: 8 | H20: 13 | I20: 12 | K20: =B20+D20+F20+H20 -> 27 | L20: =C20+E20+G20+I20 -> 24
A21: PM | B21: 4 | C21: 3 | D21: 7 | E21: 6 | F21: 11 | G21: 9 | H21: 11 | I21: 6 | K21: =B21+D21+F21+H21 -> 33 | L21: =C21+E21+G21+I21 -> 24
A22: TRM | B22: 2 | C22: 1 | D22: 5 | E22: 4 | F22: 9 | G22: 6 | H22: 12 | I22: 6 | K22: =B22+D22+F22+H22 -> 28 | L22: =C22+E22+G22+I22 -> 17
B24: =SUM(B17:B22)/22 -> 0.95454545 | C24: =SUM(C17:C22)/10 -> 1 | D24: =SUM(D17:D22)/36 -> 0.94444444 | E24: =SUM(E17:E22)/24 -> 1 | F24: =SUM(F17:F22)/69 -> 0.98550725 | G24: =SUM(G17:G22)/51 -> 0.94117647 | H24: =SUM(H17:H22)/109 -> 0.95412844 | I24: =SUM(I17:I22)/85 -> 0.85882353
A27: organized_qwen_4b
B29: S1 | D29: S2 | F29: S3 | H29: S4 | K29: Component | L29: Relation
A30: ARM | B30: 2 | C30: 1 | D30: 3 | E30: 0 | F30: 7 | G30: 4 | H30: 0 | I30: 0 | K30: =B30+D30+F30+H30 -> 12 | L30: =C30+E30+G30+I30 -> 5
A31: BPM | B31: 5 | C31: 4 | D31: 7 | E31: 6 | F31: 12 | G31: 10 | H31: 28 | I31: 21 | K31: =B31+D31+F31+H31 -> 52 | L31: =C31+E31+G31+I31 -> 41
A32: CM | B32: 6 | C32: 0 | D32: 8 | E32: 2 | F32: 14 | G32: 4 | H32: 28 | I32: 16 | K32: =B32+D32+F32+H32 -> 56 | L32: =C32+E32+G32+I32 -> 22
A33: GM | B33: 2 | C33: 1 | D33: 4 | E33: 3 | F33: 9 | G33: 8 | H33: 13 | I33: 12 | K33: =B33+D33+F33+H33 -> 28 | L33: =C33+E33+G33+I33 -> 24
A34: PM | B34: 4 | C34: 3 | D34: 7 | E34: 6 | F34: 11 | G34: 9 | H34: 14 | I34: 9 | K34: =B34+D34+F34+H34 -> 36 | L34: =C34+E34+G34+I34 -> 27
A35: TRM | B35: 2 | C35: 1 | D35: 5 | E35: 4 | F35: 9 | G35: 6 | H35: 12 | I35: 6 | K35: =B35+D35+F35+H35 -> 28 | L35: =C35+E35+G35+I35 -> 17
B37: =SUM(B30:B35)/22 -> 0.95454545 | C37: =SUM(C30:C35)/10 -> 1 | D37: =SUM(D30:D35)/36 -> 0.94444444 | E37: =SUM(E30:E35)/24 -> 0.875 | F37: =SUM(F30:F35)/69 -> 0.89855072 | G37: =SUM(G30:G35)/51 -> 0.80392157 | H37: =SUM(H30:H35)/109 -> 0.87155963 | I37: =SUM(I30:I35)/85 -> 0.75294118
A40: organized_qwen_9b
B42: S1 | D42: S2 | F42: S3 | H42: S4 | K42: Component | L42: Relation
A43: ARM | B43: 2 | C43: 1 | D43: 3 | E43: 2 | F43: 8 | G43: 7 | H43: 12 | I43: 11 | K43: =B43+D43+F43+H43 -> 25 | L43: =C43+E43+G43+I43 -> 21
A44: BPM | B44: 5 | C44: 4 | D44: 7 | E44: 6 | F44: 12 | G44: 12 | H44: 26 | I44: 22 | K44: =B44+D44+F44+H44 -> 50 | L44: =C44+E44+G44+I44 -> 44
A45: CM | B45: 6 | C45: 0 | D45: 8 | E45: 3 | F45: 17 | G45: 7 | H45: 29 | I45: 16 | K45: =B45+D45+F45+H45 -> 60 | L45: =C45+E45+G45+I45 -> 26
A46: GM | B46: 2 | C46: 1 | D46: 4 | E46: 3 | F46: 9 | G46: 5 | H46: 12 | I46: 6 | K46: =B46+D46+F46+H46 -> 27 | L46: =C46+E46+G46+I46 -> 15
A47: PM | B47: 4 | C47: 3 | D47: 7 | E47: 6 | F47: 10 | G47: 8 | H47: 11 | I47: 6 | K47: =B47+D47+F47+H47 -> 32 | L47: =C47+E47+G47+I47 -> 23
A48: TRM | B48: 2 | C48: 1 | D48: 5 | E48: 4 | F48: 9 | G48: 6 | H48: 12 | I48: 6 | K48: =B48+D48+F48+H48 -> 28 | L48: =C48+E48+G48+I48 -> 17
B50: =SUM(B43:B48)/22 -> 0.95454545 | C50: =SUM(C43:C48)/10 -> 1 | D50: =SUM(D43:D48)/36 -> 0.94444444 | E50: =SUM(E43:E48)/24 -> 1 | F50: =SUM(F43:F48)/69 -> 0.94202899 | G50: =SUM(G43:G48)/51 -> 0.88235294 | H50: =SUM(H43:H48)/109 -> 0.93577982 | I50: =SUM(I43:I48)/85 -> 0.78823529

Sheet Quality_Qwen
A1: controlled_qwen_4b
B3: S1 | C3: S2 | D3: S3.1 | E3: S3.2 | F3: S4.1 | G3: S4.2 | H3: S4.3
A4: ARM | B4: 5 | C4: 5 | D4: 4 | F4: 4 | J4: =SUM(B4:H4)/4 -> 4.5
A5: BPM | B5: 3 | C5: 3 | D5: 3 | E5: 2 | F5: 3 | G5: 2 | H5: 4 | J5: =SUM(B5:H5)/7 -> 2.8571429
A6: CM | B6: 5 | C6: 5 | D6: 3 | F6: 3 | J6: =SUM(B6:H6)/4 -> 4 | M6: S1 | N6: S2 | O6: S3 | P6: S4 | Q6: Gesamt
A7: GM | B7: 5 | C7: 5 | D7: 3 | F7: 4 | J7: =SUM(B7:H7)/4 -> 4.25 | L7: 4b | M7: =(SUM(B4:B9)+SUM(B30:B35))/12 -> 4.5833333 | N7: =(SUM(C4:C9)+SUM(C30:C35))/12 -> 3.8333333 | O7: =(SUM(D4:E9)+SUM(D30:E35))/14 -> 2.9285714 | P7: =(SUM(F4:H9)+SUM(F30:H35))/16 -> 2.6875 | Q7: =(SUM(B4:H9)+SUM(B30:H35))/54 -> 3.4259259
A8: PM | B8: 5 | C8: 3 | D8: 3 | F8: 3 | J8: =SUM(B8:H8)/4 -> 3.5 | L8: 9b | M8: =(SUM(B17:B22)+SUM(B43:B48))/12 -> 4.5 | N8: =(SUM(C17:C22)+SUM(C43:C48))/12 -> 3.9166667 | O8: =(SUM(D17:E22)+SUM(D43:E48))/14 -> 3.7857143 | P8: =(SUM(F17:H22)+SUM(F43:H48))/16 -> 3.375 | Q8: =(SUM(B17:H22)+SUM(B43:H48))/54 -> 3.8518519
A9: TRM | B9: 4 | C9: 5 | D9: 3 | F9: 2 | J9: =SUM(B9:H9)/4 -> 3.5
B11: =SUM(B4:B9)/6 -> 4.5 | C11: =SUM(C4:C9)/6 -> 4.3333333 | D11: =SUM(D4:D9)/6 -> 3.1666667 | E11: =SUM(E4:E9)/1 -> 2 | F11: =SUM(F4:F9)/6 -> 3.1666667 | G11: =SUM(G4:G9)/1 -> 2 | H11: =SUM(H4:H9)/1 -> 4
A14: controlled_qwen_9b
B16: S1 | C16: S2 | D16: S3.1 | E16: S3.2 | F16: S4.1 | G16: S4.2 | H16: S4.3
A17: ARM | B17: 5 | C17: 5 | D17: 5 | F17: 4 | J17: =SUM(B17:H17)/4 -> 4.75
A18: BPM | B18: 3 | C18: 3 | D18: 3 | E18: 3 | F18: 3 | G18: 3 | H18: 4 | J18: =SUM(B18:H18)/7 -> 3.1428571
A19: CM | B19: 5 | C19: 5 | D19: 5 | F19: 3 | J19: =SUM(B19:H19)/4 -> 4.5
A20: GM | B20: 4 | C20: 3 | D20: 5 | F20: 4 | J20: =SUM(B20:H20)/4 -> 4
A21: PM | B21: 5 | C21: 3 | D21: 3 | F21: 3 | J21: =SUM(B21:H21)/4 -> 3.5
A22: TRM | B22: 4 | C22: 5 | D22: 3 | F22: 2 | J22: =SUM(B22:H22)/4 -> 3.5
B24: =SUM(B17:B22)/6 -> 4.3333333 | C24: =SUM(C17:C22)/6 -> 4 | D24: =SUM(D17:D22)/6 -> 4 | E24: =SUM(E17:E22)/1 -> 3 | F24: =SUM(F17:F22)/6 -> 3.1666667 | G24: =SUM(G17:G22)/1 -> 3 | H24: =SUM(H17:H22)/1 -> 4
A27: organized_qwen_4b
B29: S1 | C29: S2 | D29: S3.1 | E29: S3.2 | F29: S4.1 | G29: S4.2 | H29: S4.3
A30: ARM | B30: 5 | C30: 3 | D30: 3 | F30: 1 | J30: =SUM(B30:H30)/4 -> 3
A31: BPM | B31: 3 | C31: 3 | D31: 3 | E31: 2 | F31: 3 | G31: 2 | H31: 3 | J31: =SUM(B31:H31)/7 -> 2.7142857
A32: CM | B32: 5 | C32: 3 | D32: 3 | F32: 3 | J32: =SUM(B32:H32)/4 -> 3.5
A33: GM | B33: 5 | C33: 3 | D33: 3 | F33: 2 | J33: =SUM(B33:H33)/4 -> 3.25
A34: PM | B34: 5 | C34: 3 | D34: 3 | F34: 2 | J34: =SUM(B34:H34)/4 -> 3.25
A35: TRM | B35: 5 | C35: 5 | D35: 3 | F35: 2 | J35: =SUM(B35:H35)/12 -> 1.25
B37: =SUM(B30:B35)/6 -> 4.6666667 | C37: =SUM(C30:C35)/6 -> 3.3333333 | D37: =SUM(D30:D35)/6 -> 3 | E37: =SUM(E30:E35)/1 -> 2 | F37: =SUM(F30:F35)/6 -> 2.1666667 | G37: =SUM(G30:G35)/1 -> 2 | H37: =SUM(H30:H35)/1 -> 3
A40: organized_qwen_9b
B42: S1 | C42: S2 | D42: S3.1 | E42: S3.2 | F42: S4.1 | G42: S4.2 | H42: S4.3
A43: ARM | B43: 5 | C43: 5 | D43: 5 | F43: 4 | J43: =SUM(B43:H43)/4 -> 4.75
A44: BPM | B44: 3 | C44: 3 | D44: 3 | E44: 5 | F44: 3 | G44: 5 | H44: 3 | J44: =SUM(B44:H44)/7 -> 3.5714286
A45: CM | B45: 5 | C45: 3 | D45: 4 | F45: 4 | J45: =SUM(B45:H45)/4 -> 4
A46: GM | B46: 5 | C46: 4 | D46: 3 | F46: 3 | J46: =SUM(B46:H46)/12 -> 1.25
A47: PM | B47: 5 | C47: 3 | D47: 3 | F47: 3 | J47: =SUM(B47:H47)/12 -> 1.1666667
A48: TRM | B48: 5 | C48: 5 | D48: 3 | F48: 3 | J48: =SUM(B48:H48)/12 -> 1.3333333
B50: =SUM(B43:B48)/6 -> 4.6666667 | C50: =SUM(C43:C48)/6 -> 3.8333333 | D50: =SUM(D43:D48)/6 -> 3.5 | E50: =SUM(E43:E48)/1 -> 5 | F50: =SUM(F43:F48)/6 -> 3.3333333 | G50: =SUM(G43:G48)/1 -> 5 | H50: =SUM(H43:H48)/1 -> 3
